<?xml version="1.0" encoding="UTF-8"?>
<PeakList modified="2019-05-05T10:43:29">
  <PeakList1D>
    <PeakList1DHeader creator="nmrsu" date="2019-05-05T10:43:29" expNo="1" name="TA-13-2" owner="" procNo="1" source="D:/DATA">
      <PeakPickDetails>F1=9.166753ppm, F2=2.240762ppm, MI=0.94cm, MAXI=20.33cm, PC=1.000
      </PeakPickDetails>
    </PeakList1DHeader>
    <Peak1D F1="7.865672" intensity="1.961753" type="0"/>
    <Peak1D F1="7.842103" intensity="2.0036" type="0"/>
    <Peak1D F1="7.107045" intensity="4.060863" type="0"/>
    <Peak1D F1="6.775327" intensity="3.641004" type="0"/>
    <Peak1D F1="6.223924" intensity="2.684551" type="0"/>
    <Peak1D F1="6.200336" intensity="2.535508" type="0"/>
    <Peak1D F1="4.850777" intensity="6.678651" type="0"/>
    <Peak1D F1="3.921016" intensity="15.0" type="0"/>
    <Peak1D F1="3.337163" intensity="1.142107" type="0"/>
    <Peak1D F1="3.333071" intensity="2.191084" type="0"/>
    <Peak1D F1="3.328971" intensity="3.101682" type="0"/>
    <Peak1D F1="3.324868" intensity="2.137536" type="0"/>
    <Peak1D F1="3.320777" intensity="1.071222" type="0"/>
  </PeakList1D>
</PeakList>
