<?xml version="1.0" encoding="UTF-8"?>
<PeakList modified="2019-05-05T10:55:28">
  <PeakList1D>
    <PeakList1DHeader creator="nmrsu" date="2019-05-05T10:55:27" expNo="2" name="TA-13-2" owner="" procNo="1" source="D:/DATA">
      <PeakPickDetails>F1=165.589005ppm, F2=136.164871ppm, MI=0.10cm, MAXI=2.48cm, PC=1.400
      </PeakPickDetails>
    </PeakList1DHeader>
    <Peak1D F1="162.637314" intensity="0.6280305" type="0"/>
    <Peak1D F1="151.480652" intensity="0.6296754" type="0"/>
    <Peak1D F1="149.999893" intensity="0.6771828" type="0"/>
    <Peak1D F1="145.657349" intensity="0.5789827" type="0"/>
    <Peak1D F1="144.685394" intensity="1.835758" type="0"/>
  </PeakList1D>
  <PeakList1D>
    <PeakList1DHeader creator="nmrsu" date="2019-05-05T10:55:27" expNo="2" name="TA-13-2" owner="" procNo="1" source="D:/DATA">
      <PeakPickDetails>F1=115.818398ppm, F2=99.541214ppm, MI=0.10cm, MAXI=2.80cm, PC=1.400
      </PeakPickDetails>
    </PeakList1DHeader>
    <Peak1D F1="111.212814" intensity="1.734314" type="0"/>
    <Peak1D F1="111.15123" intensity="0.7306566" type="0"/>
    <Peak1D F1="108.532196" intensity="1.889119" type="0"/>
    <Peak1D F1="102.553146" intensity="1.918432" type="0"/>
  </PeakList1D>
  <PeakList1D>
    <PeakList1DHeader creator="nmrsu" date="2019-05-05T10:55:27" expNo="2" name="TA-13-2" owner="" procNo="1" source="D:/DATA">
      <PeakPickDetails>F1=59.161289ppm, F2=52.211952ppm, MI=0.10cm, MAXI=2.15cm, PC=1.400
      </PeakPickDetails>
    </PeakList1DHeader>
    <Peak1D F1="55.411179" intensity="1.746135" type="0"/>
  </PeakList1D>
  <PeakList1D>
    <PeakList1DHeader creator="nmrsu" date="2019-05-05T10:55:27" expNo="2" name="TA-13-2" owner="" procNo="1" source="D:/DATA">
      <PeakPickDetails>F1=52.211952ppm, F2=51.623646ppm, MI=16.25cm, MAXI=16.36cm, PC=1.400
      </PeakPickDetails>
    </PeakList1DHeader>
  </PeakList1D>
  <PeakList1D>
    <PeakList1DHeader creator="nmrsu" date="2019-05-05T10:55:27" expNo="2" name="TA-13-2" owner="" procNo="1" source="D:/DATA">
      <PeakPickDetails>F1=51.623646ppm, F2=41.328331ppm, MI=0.67cm, MAXI=17.90cm, PC=1.400
      </PeakPickDetails>
    </PeakList1DHeader>
    <Peak1D F1="48.244747" intensity="2.514734" type="0"/>
    <Peak1D F1="48.031673" intensity="6.345675" type="0"/>
    <Peak1D F1="47.818798" intensity="15.0" type="0"/>
    <Peak1D F1="47.606388" intensity="14.93077" type="0"/>
    <Peak1D F1="47.392879" intensity="14.93553" type="0"/>
    <Peak1D F1="47.180866" intensity="6.506339" type="0"/>
    <Peak1D F1="46.966988" intensity="2.454304" type="0"/>
  </PeakList1D>
  <PeakList1D>
    <PeakList1DHeader creator="nmrsu" date="2019-05-05T10:55:27" expNo="2" name="TA-13-2" owner="" procNo="1" source="D:/DATA">
      <PeakPickDetails>F1=41.328331ppm, F2=40.298801ppm, MI=16.25cm, MAXI=16.36cm, PC=1.400
      </PeakPickDetails>
    </PeakList1DHeader>
  </PeakList1D>
</PeakList>
