<?xml version="1.0" encoding="UTF-8"?>
<PeakList modified="2018-06-28T14:12:09">
  <PeakList1D>
    <PeakList1DHeader creator="nmrsu" date="2018-06-28T14:12:09" expNo="4" name="TA-13-2" owner="" procNo="1" source="D:/DATA">
      <PeakPickDetails>F1=144.837357ppm, F2=144.591232ppm, MI=-90.22cm, MAXI=21.98cm, PC=1.400
      </PeakPickDetails>
    </PeakList1DHeader>
    <Peak1D F1="144.691864" intensity="-6.520096" type="0"/>
    <Peak1D F1="144.666733" intensity="1.143822" type="0"/>
  </PeakList1D>
  <PeakList1D>
    <PeakList1DHeader creator="nmrsu" date="2018-06-28T14:12:09" expNo="4" name="TA-13-2" owner="" procNo="1" source="D:/DATA">
      <PeakPickDetails>F1=115.565956ppm, F2=99.662384ppm, MI=-94.56cm, MAXI=-2.89cm, PC=1.400
      </PeakPickDetails>
    </PeakList1DHeader>
    <Peak1D F1="111.218208" intensity="-6.228667" type="0"/>
    <Peak1D F1="108.534752" intensity="-7.111579" type="0"/>
    <Peak1D F1="102.556587" intensity="-6.911215" type="0"/>
  </PeakList1D>
  <PeakList1D>
    <PeakList1DHeader creator="nmrsu" date="2018-06-28T14:12:09" expNo="4" name="TA-13-2" owner="" procNo="1" source="D:/DATA">
      <PeakPickDetails>F1=57.889004ppm, F2=53.117931ppm, MI=-195.47cm, MAXI=-5.20cm, PC=1.400
      </PeakPickDetails>
    </PeakList1DHeader>
    <Peak1D F1="55.412979" intensity="-15.0" type="0"/>
  </PeakList1D>
  <PeakList1D>
    <PeakList1DHeader creator="nmrsu" date="2018-06-28T14:12:09" expNo="4" name="TA-13-2" owner="" procNo="1" source="D:/DATA">
      <PeakPickDetails>F1=49.513123ppm, F2=48.186142ppm, MI=-15.33cm, MAXI=-3.18cm, PC=1.400
      </PeakPickDetails>
    </PeakList1DHeader>
  </PeakList1D>
  <PeakList1D>
    <PeakList1DHeader creator="nmrsu" date="2018-06-28T14:12:09" expNo="4" name="TA-13-2" owner="" procNo="1" source="D:/DATA">
      <PeakPickDetails>F1=48.186142ppm, F2=48.186150ppm, MI=-15.33cm, MAXI=0.00cm, PC=1.400
      </PeakPickDetails>
    </PeakList1DHeader>
  </PeakList1D>
  <PeakList1D>
    <PeakList1DHeader creator="nmrsu" date="2018-06-28T14:12:09" expNo="4" name="TA-13-2" owner="" procNo="1" source="D:/DATA">
      <PeakPickDetails>F1=48.186142ppm, F2=48.172478ppm, MI=-25.74cm, MAXI=1.16cm, PC=1.400
      </PeakPickDetails>
    </PeakList1DHeader>
  </PeakList1D>
  <PeakList1D>
    <PeakList1DHeader creator="nmrsu" date="2018-06-28T14:12:09" expNo="4" name="TA-13-2" owner="" procNo="1" source="D:/DATA">
      <PeakPickDetails>F1=48.172466ppm, F2=47.593613ppm, MI=-23.42cm, MAXI=0.00cm, PC=1.400
      </PeakPickDetails>
    </PeakList1DHeader>
    <Peak1D F1="48.104576" intensity="-0.7129856" type="0"/>
    <Peak1D F1="47.890121" intensity="-1.111679" type="0"/>
    <Peak1D F1="47.677483" intensity="-0.6112674" type="0"/>
  </PeakList1D>
  <PeakList1D>
    <PeakList1DHeader creator="nmrsu" date="2018-06-28T14:12:09" expNo="4" name="TA-13-2" owner="" procNo="1" source="D:/DATA">
      <PeakPickDetails>F1=47.593613ppm, F2=47.584496ppm, MI=-23.42cm, MAXI=-2.02cm, PC=1.400
      </PeakPickDetails>
    </PeakList1DHeader>
  </PeakList1D>
  <PeakList1D>
    <PeakList1DHeader creator="nmrsu" date="2018-06-28T14:12:09" expNo="4" name="TA-13-2" owner="" procNo="1" source="D:/DATA">
      <PeakPickDetails>F1=47.584496ppm, F2=47.566265ppm, MI=-17.06cm, MAXI=-2.02cm, PC=1.400
      </PeakPickDetails>
    </PeakList1DHeader>
  </PeakList1D>
  <PeakList1D>
    <PeakList1DHeader creator="nmrsu" date="2018-06-28T14:12:09" expNo="4" name="TA-13-2" owner="" procNo="1" source="D:/DATA">
      <PeakPickDetails>F1=47.566265ppm, F2=46.332405ppm, MI=-15.33cm, MAXI=-3.18cm, PC=1.400
      </PeakPickDetails>
    </PeakList1DHeader>
  </PeakList1D>
</PeakList>
